lead_id,company_name,industry,lead_source,created_at
1,Watson-Reese,Healthcare,LinkedIn,2025-01-30
2,Murphy-Bass,Healthcare,Webinar,2025-04-16
3,Ward PLC,Retail,Referral,2024-12-07
4,"Mays, Schmidt and Wright",SaaS,Google Ads,2025-02-19
5,Jackson-Bishop,Retail,Cold Email,2025-02-26
6,"Romero, Ho and Johnson",Finance,Webinar,2024-12-20
7,Greene Ltd,Finance,Referral,2025-02-16
8,Carey and Sons,Healthcare,Webinar,2025-03-28
9,"Vaughn, Edwards and Jones",Education,LinkedIn,2025-01-02
10,"Morales, White and Williams",Education,Referral,2024-12-01
11,Pham Group,Finance,Google Ads,2025-04-15
12,"Miller, Walls and Spencer",Retail,Cold Email,2024-11-02
13,"Leblanc, Woodard and Fields",SaaS,Cold Email,2025-03-07
14,Herrera Inc,Finance,Webinar,2025-03-18
15,Parker Ltd,SaaS,LinkedIn,2025-04-15
16,"Anderson, Foster and Warren",Healthcare,Google Ads,2024-12-20
17,"Romero, Anderson and Jackson",SaaS,Google Ads,2025-01-25
18,Taylor Ltd,SaaS,LinkedIn,2025-04-04
19,Daniels Group,Education,Google Ads,2025-03-28
20,"Freeman, White and Fowler",SaaS,Cold Email,2025-02-02
21,King Inc,Finance,Cold Email,2025-03-04
22,Leach PLC,Healthcare,Referral,2024-11-23
23,"Rowland, Wilkinson and Hale",Healthcare,Referral,2025-01-11
24,Francis Group,Finance,Webinar,2024-12-27
25,"Allen, Davila and Diaz",Healthcare,Referral,2025-04-17
26,Stewart LLC,Education,Referral,2025-02-14
27,Fleming-Anderson,Retail,Referral,2025-04-11
28,Jones-Clark,Education,Referral,2025-01-22
29,"Boyer, Yates and Hall",Healthcare,Referral,2024-11-10
30,Griffith LLC,Retail,Webinar,2025-03-31
31,Lambert-Burns,Finance,Cold Email,2025-02-12
32,"Ross, Pearson and Cruz",SaaS,Referral,2025-01-26
33,"Oliver, Freeman and Thornton",Finance,LinkedIn,2024-11-26
34,"Riddle, Hunter and Johnston",Finance,Referral,2024-12-23
35,Keller and Sons,Retail,Cold Email,2024-11-24
36,Wagner Inc,SaaS,LinkedIn,2025-01-16
37,Johnson PLC,Education,Cold Email,2025-03-03
38,Bird-Davis,Education,Webinar,2025-04-16
39,"Chapman, Hamilton and Huffman",SaaS,LinkedIn,2024-11-23
40,Vega-Williams,Retail,Google Ads,2025-02-10
41,Ward-Jones,Retail,Webinar,2024-12-05
42,"Barton, Frank and Wade",Education,Webinar,2024-11-08
43,"Wright, Cooper and Huerta",Education,Cold Email,2025-04-02
44,Lopez PLC,Finance,Cold Email,2024-11-15
45,Thompson-Craig,Healthcare,Cold Email,2025-01-20
46,"Galloway, Johnston and Solis",Education,Cold Email,2025-01-04
47,"Moses, Jackson and Howard",Healthcare,Google Ads,2025-01-31
48,Campbell-Hernandez,Finance,LinkedIn,2024-11-04
49,Pearson LLC,SaaS,LinkedIn,2025-02-17
50,Cunningham LLC,SaaS,Cold Email,2024-11-25
51,Lucas Inc,SaaS,Cold Email,2025-01-15
52,Sutton and Sons,Healthcare,Google Ads,2024-11-06
53,"Kane, Thomas and Collins",Finance,Webinar,2025-02-26
54,"King, Rivera and Hardy",Retail,Webinar,2024-11-27
55,Weeks LLC,SaaS,Referral,2025-04-09
56,Coleman-Johnson,Healthcare,Cold Email,2025-01-30
57,Preston Inc,Healthcare,LinkedIn,2024-12-08
58,Mitchell PLC,Finance,Google Ads,2025-02-27
59,Moran-Gray,Finance,LinkedIn,2025-02-09
60,Frye Inc,Finance,Cold Email,2024-11-07
61,Mills LLC,Healthcare,LinkedIn,2025-01-11
62,"Stephens, Carr and Wong",SaaS,Google Ads,2024-12-06
63,Christensen-Roberts,SaaS,Webinar,2024-12-02
64,"Reyes, Martinez and Dunn",Retail,Google Ads,2025-02-22
65,"Rivera, Bailey and Arroyo",Healthcare,Referral,2024-10-31
66,"Warren, Rodriguez and Flynn",Healthcare,Google Ads,2024-11-15
67,Burton-Mora,Finance,Cold Email,2025-04-02
68,Hernandez-Herman,SaaS,LinkedIn,2025-01-05
69,Roberts-Brown,Retail,Referral,2025-04-24
70,Moore-Walter,Healthcare,Webinar,2024-11-10
71,Goodman LLC,Healthcare,Google Ads,2025-04-14
72,Foley and Sons,Retail,LinkedIn,2024-11-30
73,Crosby-Conley,Retail,Google Ads,2025-04-15
74,Kramer Ltd,Healthcare,LinkedIn,2025-01-07
75,"Thornton, Acevedo and Turner",SaaS,LinkedIn,2024-11-09
76,"Morgan, Galloway and Garrett",Retail,Referral,2025-03-30
77,James Ltd,Finance,Cold Email,2025-03-05
78,Mejia-Jackson,SaaS,Referral,2025-02-14
79,Castillo Inc,Healthcare,Webinar,2025-03-26
80,Warren PLC,Healthcare,Cold Email,2025-04-05
81,"Daniel, Green and Holden",Finance,Webinar,2025-03-31
82,"Scott, Benson and Holmes",SaaS,Webinar,2024-12-10
83,"Tate, Jones and Smith",Finance,LinkedIn,2024-11-02
84,Johnson-Wood,Finance,Cold Email,2024-10-30
85,Jones Ltd,Finance,Google Ads,2025-02-14
86,Decker-Wilson,Retail,Google Ads,2025-02-25
87,"Gibson, King and Jones",SaaS,Google Ads,2025-04-22
88,Hamilton-Wise,Finance,Google Ads,2025-01-11
89,Smith-Berry,Retail,Google Ads,2025-01-17
90,Good LLC,Education,Google Ads,2025-02-15
91,Mcfarland-Espinoza,Retail,Referral,2025-02-06
92,"Johnson, Bailey and Dean",SaaS,LinkedIn,2024-11-26
93,Love Ltd,Healthcare,Referral,2025-03-13
94,"Nguyen, Norton and Dean",Retail,LinkedIn,2024-10-28
95,Shah-Butler,SaaS,Webinar,2025-03-03
96,Beck PLC,Healthcare,Google Ads,2024-12-21
97,Spence-Casey,SaaS,Cold Email,2025-03-05
98,"Carpenter, Robinson and Peterson",Retail,Cold Email,2025-01-03
99,Rodriguez Ltd,Healthcare,Webinar,2025-04-11
100,Murphy-Smith,Retail,Cold Email,2025-01-21
101,Watkins Inc,Retail,Referral,2024-11-20
102,"Davidson, Cisneros and Boyer",Healthcare,Webinar,2025-03-10
103,"Hill, Anderson and Gomez",SaaS,Cold Email,2025-02-28
104,Fletcher PLC,Education,LinkedIn,2025-01-20
105,Hurley Ltd,Healthcare,LinkedIn,2025-03-10
106,"Taylor, Trujillo and Kelly",Education,Webinar,2025-01-22
107,"White, Dixon and French",Healthcare,Google Ads,2025-01-20
108,Cervantes Group,Healthcare,Referral,2024-12-06
109,Waters-Duran,Healthcare,LinkedIn,2025-03-08
110,Abbott-Higgins,SaaS,Referral,2024-12-20
111,Esparza-Bell,Retail,LinkedIn,2025-01-20
112,"Rosales, Figueroa and Rodriguez",SaaS,Referral,2024-12-14
113,Watkins Inc,Healthcare,Webinar,2025-01-30
114,Jimenez-Fitzgerald,Finance,Referral,2025-02-15
115,"Castro, Morgan and Brown",SaaS,Webinar,2025-01-02
116,Gordon-Cook,Healthcare,Webinar,2025-01-18
117,"Hanson, Lee and Hall",SaaS,Referral,2025-03-07
118,"Martinez, Whitaker and Murray",SaaS,LinkedIn,2025-02-19
119,Hall and Sons,Education,Google Ads,2025-01-07
120,Moore and Sons,SaaS,Google Ads,2024-11-25
121,Williams Group,Finance,Cold Email,2025-04-17
122,Gomez Ltd,Healthcare,LinkedIn,2025-03-01
123,Johnson-Coleman,Finance,Webinar,2025-01-28
124,White PLC,Retail,Webinar,2025-03-13
125,Rios LLC,Finance,Webinar,2025-03-11
126,White PLC,Education,Cold Email,2024-12-04
127,Brown-Ward,Education,Cold Email,2024-12-12
128,Bates LLC,Healthcare,Webinar,2025-03-03
129,Fox-Scott,SaaS,Google Ads,2024-12-02
130,Pope-Harris,Education,LinkedIn,2024-11-09
131,Rodriguez-Wilcox,Retail,Webinar,2025-03-12
132,"Lewis, Castillo and Burton",Education,Referral,2025-03-14
133,Byrd-Alvarez,SaaS,Webinar,2025-03-20
134,Cain-Bates,SaaS,Referral,2024-12-27
135,Anderson Inc,Healthcare,Google Ads,2025-04-21
136,Richardson Ltd,Finance,Webinar,2024-12-20
137,"Cook, Rogers and Stewart",Finance,Referral,2025-02-07
138,Morrow-Webb,Education,LinkedIn,2025-03-10
139,"Ayers, Smith and Boyd",Healthcare,Cold Email,2025-03-09
140,Patterson PLC,SaaS,LinkedIn,2024-11-08
141,Doyle PLC,Finance,Referral,2024-12-30
142,"Chavez, Howard and Valdez",Finance,Cold Email,2025-03-20
143,Howe-Rodriguez,Retail,LinkedIn,2025-03-12
144,"Clark, Huang and Wolfe",SaaS,Referral,2025-03-12
145,Peters-Watson,Retail,Cold Email,2024-11-24
146,Haney Ltd,Finance,LinkedIn,2025-01-28
147,"Farmer, Byrd and Martinez",SaaS,Referral,2025-02-23
148,Rice-Hutchinson,SaaS,Google Ads,2024-12-25
149,"Bartlett, Gutierrez and Tran",Education,Webinar,2025-03-02
150,"Larson, Graves and Brewer",Retail,Referral,2025-01-28
151,"Lambert, Walker and Lewis",Education,Referral,2025-01-05
152,Butler and Sons,Healthcare,Referral,2025-01-08
153,"Mcneil, Mullins and Miller",Education,LinkedIn,2025-03-04
154,Griffith-Brown,Finance,Cold Email,2024-11-22
155,"Baird, Rhodes and Henson",Education,Webinar,2025-02-06
156,"Combs, Holt and Ramirez",Finance,Referral,2025-03-24
157,Steele LLC,SaaS,Referral,2025-02-12
158,Lambert-Jackson,Education,Google Ads,2025-04-20
159,Williams and Sons,Finance,LinkedIn,2025-02-11
160,Hawkins-Conner,Healthcare,LinkedIn,2025-02-05
161,"Miller, Wolf and Davis",Education,Cold Email,2025-03-03
162,"Adams, Hamilton and Conner",Healthcare,Webinar,2025-02-28
163,Nolan Inc,Healthcare,Webinar,2024-12-12
164,Martinez LLC,Healthcare,LinkedIn,2024-12-03
165,Walker Group,SaaS,Cold Email,2025-03-10
166,Ward-Lee,Finance,LinkedIn,2024-11-26
167,Wise-Doyle,Healthcare,Referral,2025-01-25
168,Perry Ltd,Education,Cold Email,2025-02-26
169,Cook Inc,Finance,Cold Email,2025-03-13
170,Harrell LLC,Retail,Referral,2024-12-11
171,Peters-Gould,Finance,Google Ads,2025-01-07
172,"Martinez, Wong and Freeman",Finance,Referral,2025-04-17
173,Bennett Group,Retail,Referral,2025-04-07
174,"Scott, Villarreal and Conway",Finance,Webinar,2025-03-02
175,Thompson PLC,Retail,Webinar,2025-02-18
176,Boyd-Hale,Finance,Referral,2025-03-01
177,Peters-Haley,Education,Google Ads,2025-03-03
178,Manning Ltd,Education,LinkedIn,2025-02-19
179,Ayers-Bond,SaaS,LinkedIn,2025-04-13
180,Mercer PLC,SaaS,LinkedIn,2025-03-10
181,"Gentry, Cook and Hurst",Education,Webinar,2024-11-12
182,"Sims, Kim and Gonzalez",Education,Cold Email,2025-02-09
183,Smith-Costa,Education,Google Ads,2024-11-28
184,Valentine PLC,Education,LinkedIn,2025-02-24
185,Stark-Middleton,SaaS,Webinar,2024-12-30
186,Spence-Rivera,Healthcare,LinkedIn,2024-12-06
187,Brown and Sons,Finance,Google Ads,2025-01-30
188,Wilson-Vega,SaaS,LinkedIn,2024-11-23
189,Kim-Webb,Education,LinkedIn,2025-02-16
190,Rangel-Spencer,Finance,LinkedIn,2025-02-19
191,"Smith, Anderson and Cline",Education,Cold Email,2025-02-10
192,"Scott, Stevens and Adams",SaaS,Google Ads,2025-01-30
193,"Leonard, Shields and Wilkinson",Education,LinkedIn,2024-11-19
194,Wilson Group,SaaS,LinkedIn,2025-04-16
195,"Simpson, Marsh and Wilson",SaaS,Cold Email,2025-01-07
196,Parks Group,Finance,Referral,2025-03-25
197,Boyd PLC,Healthcare,Referral,2025-02-12
198,Parker LLC,Healthcare,Google Ads,2024-12-17
199,Porter Inc,Finance,Referral,2024-12-15
200,"Miller, Crane and Atkins",SaaS,Webinar,2024-11-24
201,Taylor and Sons,Education,Webinar,2024-11-07
202,Brown-Poole,Healthcare,Referral,2025-01-22
203,Morales Group,Finance,Google Ads,2024-12-30
204,Parrish-Villanueva,SaaS,LinkedIn,2025-03-07
205,Blackburn and Sons,Healthcare,Google Ads,2024-12-14
206,"Wood, Scott and Crawford",Education,Webinar,2025-01-14
207,Wong LLC,Education,Google Ads,2025-01-12
208,Avery-Mitchell,Healthcare,Referral,2024-12-04
209,Bradshaw LLC,Finance,LinkedIn,2024-12-07
210,"Curtis, Love and Garcia",Education,Referral,2025-01-26
211,Wright-Lindsey,Healthcare,Google Ads,2025-03-25
212,"Blair, Black and Thompson",SaaS,Referral,2025-04-04
213,Jenkins-Decker,Finance,Google Ads,2025-04-02
214,Bruce and Sons,SaaS,Referral,2024-12-22
215,Nelson and Sons,Education,Cold Email,2024-12-17
216,Mathews-Martin,Retail,Referral,2024-12-24
217,Kennedy-Mccarthy,Finance,Cold Email,2025-01-14
218,Davis Inc,SaaS,Webinar,2025-01-09
219,Lewis-Byrd,SaaS,Google Ads,2024-11-11
220,"Brady, Castillo and Hughes",Retail,LinkedIn,2025-04-21
221,Hampton LLC,Healthcare,Google Ads,2024-10-28
222,"Hayes, Berg and Horne",Finance,Webinar,2025-04-16
223,Diaz-Novak,Education,LinkedIn,2025-01-20
224,Harrell Inc,Finance,Referral,2025-04-02
225,"Calhoun, Alvarado and Sampson",Retail,LinkedIn,2024-12-17
226,Davis-Eaton,SaaS,Cold Email,2025-02-19
227,"Garcia, Dennis and Maxwell",SaaS,LinkedIn,2025-03-29
228,Mendoza-Jordan,SaaS,Referral,2024-12-06
229,Burns Inc,Finance,Google Ads,2025-03-15
230,Smith PLC,Finance,Referral,2024-12-18
231,Diaz LLC,SaaS,Referral,2024-12-20
232,"Robinson, Wood and Green",SaaS,Webinar,2025-01-31
233,Combs-Jones,Education,Google Ads,2024-11-28
234,"Gardner, Hartman and Ramirez",Finance,Webinar,2024-11-29
235,Mckinney-Williams,SaaS,Google Ads,2024-11-07
236,Norris-Flores,Retail,Cold Email,2024-12-28
237,Wood Ltd,Education,Webinar,2024-12-30
238,"Smith, Perry and Carpenter",Finance,LinkedIn,2025-02-04
239,"Jimenez, Brooks and Howard",SaaS,LinkedIn,2025-03-31
240,Moses LLC,Education,Webinar,2024-11-25
241,Wheeler-Coleman,SaaS,Cold Email,2024-11-09
242,Sandoval-Delgado,Education,LinkedIn,2025-01-07
243,"Wright, Garcia and Vazquez",Education,LinkedIn,2025-01-04
244,"Nichols, Jones and Richardson",Healthcare,Cold Email,2024-11-09
245,"Martin, Graham and Davis",SaaS,Cold Email,2025-03-21
246,Adkins Inc,Education,Google Ads,2024-12-14
247,Dixon-Campbell,Retail,Referral,2025-04-22
248,"Wilson, Barajas and Mcfarland",Healthcare,LinkedIn,2024-12-09
249,Adams-Winters,Education,Google Ads,2025-03-28
250,Bowen and Sons,Education,Cold Email,2025-02-15
251,Knight and Sons,Education,Cold Email,2025-02-22
252,Cobb LLC,Finance,LinkedIn,2025-02-15
253,Wolfe-Sullivan,Finance,Cold Email,2025-04-14
254,Mendez-Williams,Finance,Cold Email,2024-12-20
255,"Norman, Ward and Cortez",Healthcare,Referral,2024-12-29
256,Garcia and Sons,Retail,LinkedIn,2024-11-21
257,Charles-West,Finance,Webinar,2025-02-25
258,Martinez-Joyce,Healthcare,LinkedIn,2025-01-14
259,"Baker, Freeman and Jenkins",Finance,Webinar,2024-11-06
260,Kim and Sons,Education,Cold Email,2025-02-09
261,Jackson and Sons,Healthcare,Cold Email,2025-03-15
262,Blanchard Group,Retail,Referral,2025-04-14
263,"Wilson, Hamilton and Miller",SaaS,Google Ads,2025-02-07
264,Smith Group,Education,Referral,2024-12-31
265,Washington-Cross,Healthcare,Referral,2024-11-19
266,Schaefer-Osborn,Retail,Cold Email,2025-01-03
267,Morris PLC,Retail,Referral,2024-11-04
268,Moore Group,Healthcare,Webinar,2025-03-04
269,Garcia Group,Healthcare,Webinar,2025-04-06
270,King and Sons,Finance,Cold Email,2025-02-04
271,Howard-Castaneda,Retail,Referral,2025-02-18
272,"Guzman, Clark and Mendoza",SaaS,Google Ads,2025-03-05
273,Russell Group,Finance,LinkedIn,2025-03-01
274,Kelly-Smith,SaaS,LinkedIn,2025-01-23
275,Black PLC,Healthcare,Google Ads,2024-11-27
276,Gomez-Reyes,Finance,LinkedIn,2024-10-29
277,Rivera Group,Healthcare,Webinar,2025-03-19
278,Brown Inc,Education,LinkedIn,2024-11-06
279,Johnson and Sons,SaaS,Referral,2024-12-04
280,"Wagner, Young and Wallace",Finance,Webinar,2025-03-16
281,"Hood, Garcia and Jackson",SaaS,Referral,2024-12-09
282,Williams PLC,Retail,Google Ads,2025-03-07
283,Gregory-Cooper,SaaS,Cold Email,2025-01-20
284,Santos-Bailey,Healthcare,Referral,2024-12-31
285,Poole and Sons,SaaS,Cold Email,2024-12-27
286,Waller-Gutierrez,Education,Webinar,2024-12-05
287,Martinez-Benson,SaaS,Referral,2024-12-12
288,"Jordan, Rogers and Grimes",Education,Cold Email,2025-01-10
289,Reed PLC,Education,Webinar,2025-03-05
290,"Gutierrez, Rosario and White",Retail,LinkedIn,2024-11-07
291,Thomas-Garrison,Education,Cold Email,2025-03-15
292,Campbell-Reed,SaaS,Referral,2025-03-07
293,"Fletcher, Robinson and Owens",Healthcare,Referral,2025-01-09
294,Zimmerman and Sons,Healthcare,Webinar,2025-01-30
295,"Knox, Anthony and Lee",Finance,Referral,2024-12-01
296,Nelson-Greene,SaaS,Google Ads,2025-03-24
297,Huynh and Sons,Healthcare,Referral,2025-02-10
298,Estrada-Jones,SaaS,Webinar,2025-04-23
299,"Jennings, Willis and Gibbs",Finance,LinkedIn,2025-03-22
300,Johnson-Martinez,Retail,Referral,2025-01-15
301,"Brown, Jackson and Moody",SaaS,Webinar,2025-01-14
302,Kim-Morris,Healthcare,Google Ads,2024-10-29
303,Allen LLC,Healthcare,Webinar,2024-11-21
304,Johnson and Sons,Retail,Referral,2025-01-18
305,Fernandez-Gordon,Healthcare,Referral,2025-01-20
306,"Payne, White and Trujillo",Finance,Cold Email,2024-11-08
307,"Mckinney, Mitchell and Cain",Retail,LinkedIn,2025-04-19
308,Roy LLC,SaaS,LinkedIn,2024-11-09
309,Caldwell-Ramirez,Finance,Webinar,2024-11-21
310,"Olson, Palmer and White",Education,Google Ads,2025-02-23
311,Tucker Ltd,SaaS,LinkedIn,2025-04-04
312,"Cummings, Frazier and Torres",SaaS,Referral,2025-02-25
313,"Cardenas, Dougherty and Swanson",SaaS,LinkedIn,2024-12-20
314,Robbins Inc,Finance,Referral,2024-12-26
315,Thompson-Wilson,Finance,Referral,2024-12-20
316,Fuller LLC,SaaS,LinkedIn,2025-02-11
317,"Peters, Moore and Nguyen",SaaS,Google Ads,2025-01-01
318,Ochoa-Vega,Healthcare,Webinar,2025-02-28
319,Dickson-Griffith,Retail,Google Ads,2025-02-28
320,Schultz-Freeman,SaaS,Webinar,2025-01-18
321,"Holloway, Lewis and Holland",Education,Webinar,2025-01-29
322,May Inc,Finance,Referral,2025-02-18
323,Williams Ltd,Healthcare,Cold Email,2024-11-21
324,Perry PLC,Finance,Cold Email,2024-12-22
325,"Hale, Williamson and Dickerson",Education,Referral,2024-11-03
326,"Cuevas, Prince and Richardson",Retail,Webinar,2025-01-15
327,Bell LLC,Finance,LinkedIn,2025-03-02
328,"Webb, Mendoza and Lewis",SaaS,LinkedIn,2024-11-21
329,"Stein, Huffman and Clark",SaaS,LinkedIn,2025-02-02
330,"Walker, Martin and Ross",Healthcare,LinkedIn,2025-02-02
331,"Reid, Boyd and Beard",Retail,Webinar,2025-02-13
332,Reed Group,Education,Google Ads,2024-12-27
333,"Sanchez, Hamilton and Deleon",Finance,Cold Email,2024-12-03
334,Green-Burns,Healthcare,Referral,2025-03-16
335,"Burgess, Harrington and Lester",Finance,Referral,2024-11-04
336,Murphy Group,Finance,Webinar,2024-11-19
337,Bowers-Montoya,Education,Webinar,2024-10-28
338,Powell Group,SaaS,Referral,2024-10-31
339,Lee-Green,Healthcare,Webinar,2025-03-22
340,Hughes PLC,Healthcare,LinkedIn,2024-10-30
341,Jones-Jones,SaaS,Cold Email,2025-03-19
342,"Clark, Munoz and Riddle",SaaS,Google Ads,2024-12-01
343,Leonard Inc,Education,Cold Email,2024-11-08
344,May Inc,Finance,LinkedIn,2025-04-02
345,Neal-Torres,SaaS,Webinar,2024-11-26
346,Anderson Inc,Healthcare,LinkedIn,2025-04-13
347,"Foley, Chandler and Vaughn",Retail,Referral,2025-03-15
348,Jones Ltd,Education,Webinar,2024-11-18
349,Barrera-Mitchell,Education,Cold Email,2025-04-14
350,Johnson-Richardson,Finance,Webinar,2025-01-01
351,"Swanson, Warren and West",Retail,Google Ads,2025-01-06
352,Hubbard-Diaz,Finance,Cold Email,2025-03-15
353,"Newman, Campbell and Willis",SaaS,Cold Email,2025-03-21
354,Calhoun LLC,SaaS,LinkedIn,2024-11-30
355,Navarro PLC,Retail,Cold Email,2025-03-24
356,Blackburn Inc,Finance,Google Ads,2024-10-28
357,"Jackson, Melton and Coffey",Healthcare,Webinar,2025-02-21
358,Logan PLC,Retail,Cold Email,2024-11-03
359,"Nelson, Mcdonald and Mitchell",Education,Google Ads,2025-01-28
360,Maldonado Inc,SaaS,Cold Email,2025-02-26
361,Chandler and Sons,SaaS,Webinar,2025-02-28
362,"Smith, Nixon and Allen",Finance,Referral,2025-04-06
363,"Byrd, Moss and Schmitt",Retail,Webinar,2025-02-09
364,"Wilson, Richardson and Wilson",Healthcare,Webinar,2025-02-21
365,Robertson-Stewart,SaaS,Cold Email,2024-12-15
366,"Herman, Kelley and Jones",Finance,Google Ads,2025-03-05
367,Miller-Gonzales,Education,Webinar,2025-03-24
368,Gomez-Hensley,SaaS,Webinar,2024-11-15
369,"Barrett, Lane and Jennings",Retail,Google Ads,2025-04-13
370,Manning Group,SaaS,LinkedIn,2025-01-04
371,Brown-King,Education,Webinar,2025-03-09
372,Sullivan PLC,SaaS,Cold Email,2025-02-20
373,Gibson-Thornton,Finance,Referral,2025-01-30
374,Brandt-Rodriguez,Retail,Referral,2025-04-22
375,Fry Inc,Education,LinkedIn,2025-04-06
376,York-Powell,Retail,LinkedIn,2025-01-13
377,Chavez-Hoffman,Finance,LinkedIn,2025-01-09
378,Davis-Miles,SaaS,Cold Email,2025-01-08
379,Paul-Mclaughlin,Finance,Referral,2024-11-16
380,Jones PLC,SaaS,Google Ads,2025-03-08
381,Price and Sons,SaaS,Cold Email,2025-01-06
382,Aguilar-Dixon,Retail,Referral,2024-11-04
383,Hughes-Tran,SaaS,Webinar,2024-10-28
384,"Kelly, Gonzalez and Riley",Finance,Cold Email,2025-04-04
385,Flores-Warren,Retail,Referral,2025-01-15
386,Stevenson Ltd,SaaS,LinkedIn,2025-03-11
387,Rodriguez Ltd,Healthcare,Referral,2025-02-18
388,"Campbell, Miller and Porter",Healthcare,LinkedIn,2025-04-07
389,Delgado Group,Finance,LinkedIn,2024-11-30
390,Small Ltd,SaaS,LinkedIn,2024-11-25
391,Lewis Inc,SaaS,Webinar,2025-01-19
392,Pratt Group,Education,Webinar,2025-01-24
393,Mendoza Group,SaaS,LinkedIn,2024-12-20
394,"Mclaughlin, Hill and Campbell",Healthcare,LinkedIn,2025-02-28
395,Garcia-Rodriguez,Healthcare,Cold Email,2024-11-01
396,"Smith, Mann and Frost",Finance,Cold Email,2025-03-17
397,Thomas-Russo,Healthcare,Google Ads,2025-03-21
398,Jones PLC,SaaS,Referral,2025-02-21
399,Sims-Brewer,Retail,Webinar,2025-01-03
400,Potter Ltd,SaaS,Cold Email,2024-11-17
401,Howe Inc,Healthcare,Cold Email,2025-01-09
402,"King, Baker and Schmidt",Education,Cold Email,2025-03-02
403,Russo Group,Retail,Webinar,2024-11-02
404,Salas-Haley,Healthcare,Cold Email,2024-11-15
405,"Cruz, Obrien and Carlson",Education,Referral,2025-01-08
406,"Burton, Rivers and Walker",SaaS,Referral,2024-12-13
407,Webster PLC,Education,Google Ads,2025-04-07
408,"Wong, Clark and Anderson",Retail,Referral,2024-11-21
409,"Norton, Carroll and Rowe",Retail,Google Ads,2025-01-18
410,Bishop Inc,Finance,Referral,2025-01-06
411,Vang Ltd,SaaS,Referral,2025-04-04
412,Boyer-Middleton,Finance,Webinar,2025-01-08
413,"Thompson, Graham and Robbins",Finance,LinkedIn,2024-11-19
414,"Freeman, Wiggins and Howard",Finance,LinkedIn,2025-04-07
415,Mcdonald-Johnson,SaaS,Webinar,2025-04-13
416,"Collins, Rowland and Jones",SaaS,LinkedIn,2025-01-07
417,"Black, Evans and Travis",Finance,Google Ads,2025-03-12
418,Jones-Simon,Finance,Referral,2024-12-31
419,Miller Inc,Retail,Webinar,2025-03-15
420,"Burgess, Newton and Morris",Healthcare,Google Ads,2024-12-19
421,Gibson-Perez,Finance,Cold Email,2025-03-11
422,"Davis, Baker and Ortiz",Retail,Google Ads,2025-01-11
423,Molina Group,SaaS,Webinar,2025-02-03
424,Higgins-Miller,SaaS,Referral,2024-11-06
425,Wilson Ltd,Retail,LinkedIn,2025-04-24
426,"Soto, Mullins and Edwards",SaaS,Referral,2024-12-26
427,Johnson PLC,Healthcare,Cold Email,2024-11-04
428,"Hull, Duke and Thomas",Healthcare,Google Ads,2025-03-19
429,Long Inc,Education,Cold Email,2025-01-20
430,Burgess-Reynolds,Healthcare,Webinar,2024-11-11
431,"Stone, Jackson and Rivera",Retail,Google Ads,2024-12-26
432,Williams-Santana,SaaS,Referral,2024-12-19
433,"Anthony, Li and Campbell",Finance,LinkedIn,2025-01-21
434,Bond-Roth,Education,Webinar,2025-04-02
435,Davis Inc,Healthcare,Google Ads,2025-02-05
436,"Cruz, Garcia and Watts",Finance,LinkedIn,2025-01-07
437,Ramirez-Gilmore,Healthcare,Google Ads,2024-12-25
438,Burgess-Garcia,Healthcare,Cold Email,2025-02-16
439,Garcia Ltd,Finance,LinkedIn,2025-04-15
440,Williams and Sons,Finance,Webinar,2024-11-26
441,Mendoza-Maxwell,Healthcare,Referral,2025-04-09
442,"Ellison, Nichols and Reyes",Retail,Cold Email,2025-03-22
443,"Zimmerman, Rogers and Mcdonald",Healthcare,Referral,2024-12-16
444,Riley-Brown,SaaS,Google Ads,2025-02-09
445,"Shaw, Fisher and Murray",Retail,LinkedIn,2024-12-06
446,Lamb-Holland,Retail,Cold Email,2025-04-24
447,"Walker, Simpson and Nguyen",Education,Referral,2025-03-21
448,Parker-Evans,Finance,Webinar,2024-12-09
449,Martin-Duncan,SaaS,LinkedIn,2025-04-08
450,Brown-Bartlett,Finance,Webinar,2024-12-08
451,Erickson-Little,Retail,Cold Email,2024-12-25
452,"Mendoza, Mcmillan and Aguilar",Healthcare,Google Ads,2025-03-04
453,James Ltd,SaaS,Referral,2025-03-24
454,"Holmes, Hart and Torres",Retail,LinkedIn,2025-02-10
455,Moore Ltd,Finance,Referral,2024-11-05
456,Fischer PLC,Retail,Google Ads,2025-03-19
457,Banks LLC,SaaS,Google Ads,2025-01-08
458,Martinez Group,Retail,Webinar,2025-01-03
459,"Humphrey, Erickson and Smith",Education,Webinar,2024-12-11
460,Jones LLC,Retail,Referral,2024-12-04
461,George Inc,Finance,LinkedIn,2025-01-29
462,"Edwards, Bradley and Mathis",Retail,Google Ads,2025-02-28
463,Clark-Meyer,Healthcare,LinkedIn,2024-11-22
464,"Parker, Brown and James",SaaS,LinkedIn,2025-04-17
465,"Garcia, Williams and Miller",Education,Referral,2024-11-12
466,"Flores, Johnson and Oconnell",SaaS,Cold Email,2024-12-16
467,Johnson LLC,SaaS,Referral,2024-12-19
468,Arellano-Ortiz,Finance,Cold Email,2024-12-04
469,White Group,Retail,Cold Email,2025-01-27
470,West-Garcia,SaaS,Google Ads,2025-02-28
471,"Johnson, Garner and Stevens",Healthcare,Webinar,2025-02-15
472,Turner Inc,Healthcare,Referral,2025-04-21
473,"Dawson, Harper and Stephens",Healthcare,Cold Email,2025-02-15
474,"Burnett, Daugherty and Burke",Healthcare,Cold Email,2025-04-20
475,Martinez-Pearson,Education,Referral,2025-01-13
476,Rodriguez LLC,Education,Google Ads,2025-04-09
477,Graves and Sons,Finance,Google Ads,2025-04-21
478,Flores PLC,Education,LinkedIn,2025-04-07
479,"Perez, Jackson and Gregory",Finance,Referral,2025-01-20
480,"Bradley, Reynolds and Tran",Healthcare,Cold Email,2025-03-06
481,Hines Group,Retail,Cold Email,2025-01-26
482,Fisher-Warren,Retail,Google Ads,2025-01-19
483,"Jackson, Osborne and Hoffman",Finance,Referral,2025-02-18
484,Mcguire Ltd,Retail,LinkedIn,2025-04-07
485,"Matthews, Williams and Roberts",Finance,Google Ads,2024-11-25
486,Perry-Harris,Retail,Google Ads,2025-01-19
487,Tucker-Walsh,Retail,Referral,2025-02-09
488,"Osborne, Andrade and Horn",Healthcare,Google Ads,2024-12-09
489,Taylor PLC,Finance,Cold Email,2025-04-07
490,"Fisher, Bishop and Flores",SaaS,LinkedIn,2024-12-04
491,Hernandez and Sons,Healthcare,LinkedIn,2025-02-19
492,Keith Inc,Healthcare,Webinar,2025-02-26
493,"Trevino, Mendoza and Sanchez",Education,Google Ads,2025-02-11
494,Bradford-Wilson,Retail,Referral,2024-11-02
495,Lewis Group,SaaS,Webinar,2024-12-04
496,Cox-Hunter,Retail,LinkedIn,2025-02-09
497,"Armstrong, Williamson and Leonard",Healthcare,Referral,2025-03-05
498,"Hill, Douglas and Morales",Healthcare,Google Ads,2025-03-02
499,Brooks-Jenkins,Finance,Webinar,2024-11-05
500,Shaffer Group,Healthcare,Webinar,2024-12-28
501,Pollard-Fuller,Finance,LinkedIn,2025-04-12
502,Smith-Rogers,Retail,LinkedIn,2025-01-20
503,Garcia-Bowman,Finance,Referral,2025-01-15
504,"Bailey, Huffman and Shea",Healthcare,Referral,2024-11-28
505,"Nash, Smith and Bowen",Finance,LinkedIn,2024-12-08
506,Blackwell-Hill,Finance,Google Ads,2025-03-19
507,"Luna, Robertson and Lopez",Finance,Webinar,2025-01-05
508,"Le, Jenkins and Stokes",SaaS,Webinar,2025-04-04
509,Stout-Mora,Healthcare,Google Ads,2024-12-25
510,Wilkins-Obrien,Finance,Referral,2025-04-04
511,Salazar-Hardin,Finance,Referral,2025-03-04
512,"Morris, Patterson and Swanson",SaaS,Referral,2024-12-08
513,Perez LLC,SaaS,Webinar,2025-04-20
514,"Montoya, Wiley and Tanner",Retail,Referral,2025-04-12
515,Hernandez-Armstrong,SaaS,Google Ads,2024-10-30
516,Brooks and Sons,Healthcare,Webinar,2024-12-29
517,"Brown, Yang and Brown",Retail,LinkedIn,2025-02-21
518,Bennett-Ellis,Healthcare,LinkedIn,2025-04-04
519,Reed Inc,Retail,Webinar,2024-12-24
520,Garcia Ltd,Finance,Google Ads,2024-12-04
521,Johnson-Ramirez,Education,Referral,2025-02-23
522,Jones-Robertson,SaaS,Webinar,2025-01-08
523,"Jones, Curtis and Wall",Finance,Google Ads,2024-10-28
524,"Lambert, Daniels and Jones",Education,LinkedIn,2024-12-29
525,Zimmerman-Haynes,Retail,Referral,2025-03-29
526,Hernandez-Potts,Education,Google Ads,2025-02-20
527,Jennings-Horton,Finance,Google Ads,2025-03-18
528,Sanchez-Soto,Healthcare,Cold Email,2024-12-12
529,Johnson LLC,Education,Referral,2025-01-04
530,Potts-Thompson,Healthcare,Cold Email,2024-11-03
531,"Flores, Mccarthy and Anderson",Education,Referral,2025-02-17
532,Henson-Gilbert,Retail,Cold Email,2025-04-07
533,Porter and Sons,Retail,Webinar,2025-01-23
534,Price LLC,Finance,Google Ads,2025-01-02
535,"Reese, Floyd and Johnson",Education,Webinar,2025-03-16
536,"Burnett, Smith and Brown",Education,Google Ads,2025-03-13
537,Roberts PLC,Retail,Referral,2025-02-04
538,"Ray, Bishop and Anderson",Healthcare,LinkedIn,2024-12-25
539,"Mitchell, Johnson and Martin",SaaS,Referral,2024-11-01
540,Navarro-Anderson,Retail,LinkedIn,2024-11-08
541,Lane-Miller,SaaS,Webinar,2024-11-12
542,Gordon-Rios,Healthcare,LinkedIn,2025-03-08
543,Martin PLC,Education,LinkedIn,2024-11-18
544,Pierce-Harrison,SaaS,Referral,2024-12-26
545,Sullivan PLC,SaaS,Cold Email,2025-04-12
546,Gomez-Simpson,Healthcare,Google Ads,2025-03-04
547,Weber Inc,Retail,Google Ads,2025-02-01
548,Campbell PLC,Healthcare,Referral,2024-11-27
549,"Estes, Moore and Wilson",SaaS,Google Ads,2025-04-09
550,Delacruz Ltd,Finance,Google Ads,2025-04-02
551,Duke Ltd,Healthcare,Cold Email,2025-03-24
552,"Parks, Martinez and Carter",Healthcare,Referral,2025-03-16
553,Long Inc,Education,LinkedIn,2025-02-07
554,Lee-Barnes,Education,Webinar,2024-11-16
555,Briggs-Frank,Education,Referral,2025-03-15
556,Carson LLC,Retail,Google Ads,2025-03-01
557,Davidson-Williams,Education,Referral,2024-11-29
558,"Allen, Guerrero and Crane",SaaS,Webinar,2024-12-24
559,"Rasmussen, Garcia and Stewart",Finance,Referral,2025-02-19
560,Perkins Ltd,Finance,Google Ads,2025-03-04
561,Gibbs Inc,Education,Google Ads,2025-01-14
562,Johns Ltd,Finance,Webinar,2024-11-21
563,"Jackson, Carpenter and Miller",Finance,Referral,2025-01-27
564,Martin Inc,Finance,Webinar,2025-02-03
565,Harris-Moore,Education,Google Ads,2025-04-06
566,"Sanford, Hunter and Davis",Retail,LinkedIn,2025-02-03
567,Nolan-Ortiz,Education,Google Ads,2024-11-17
568,"Roy, Erickson and Berry",Education,Webinar,2024-11-25
569,"Martin, Pierce and Brandt",SaaS,LinkedIn,2025-02-23
570,Dunlap-Pratt,Healthcare,Cold Email,2025-02-17
571,"Henderson, Dunn and Guerrero",Healthcare,Cold Email,2024-11-01
572,Wilson LLC,SaaS,Referral,2025-03-18
573,May-Romero,Healthcare,Cold Email,2024-11-29
574,Wood PLC,Healthcare,Google Ads,2025-01-23
575,Cooper LLC,Healthcare,LinkedIn,2025-02-26
576,Davis-Parker,Finance,Google Ads,2025-02-08
577,Smith Ltd,Healthcare,Webinar,2024-12-28
578,Mayo-Jones,Retail,Referral,2025-01-06
579,"Jones, Thompson and Gutierrez",SaaS,Google Ads,2024-11-14
580,"Wilson, Hall and Jackson",Retail,Cold Email,2024-12-03
581,"Flowers, Barnes and Schwartz",Healthcare,Google Ads,2024-11-02
582,Johnson-Petersen,SaaS,Webinar,2025-04-06
583,Rios and Sons,Healthcare,Cold Email,2024-12-27
584,Yang-Mills,Retail,Referral,2024-11-23
585,"Ruiz, Pineda and Young",Retail,Referral,2024-11-14
586,Mason-Ballard,Healthcare,Google Ads,2025-03-13
587,Baker-Young,SaaS,Referral,2025-04-18
588,"Long, Reid and Soto",Healthcare,Cold Email,2024-11-02
589,Johnson-Griffin,Education,Webinar,2025-01-03
590,Chavez-Taylor,SaaS,LinkedIn,2025-01-18
591,"Williams, Alvarez and Harris",Retail,Webinar,2025-03-29
592,"Velasquez, Riley and Adams",SaaS,Google Ads,2025-04-17
593,"Terry, Brown and Matthews",Healthcare,Webinar,2025-01-28
594,Miller-Price,SaaS,Google Ads,2025-04-14
595,"Rodriguez, Perkins and May",Retail,Cold Email,2025-01-13
596,Adkins Group,Finance,Cold Email,2025-03-02
597,Taylor PLC,Finance,Google Ads,2024-11-15
598,"Sharp, Hernandez and Morgan",Finance,Referral,2025-03-15
599,"Simmons, Ruiz and Rice",Retail,Webinar,2025-04-21
600,Hernandez-Gonzalez,Finance,Google Ads,2024-11-10
601,Gomez-Stone,Education,Webinar,2024-12-31
602,Jennings-Ramirez,Finance,Google Ads,2024-10-27
603,Kelly-Edwards,Healthcare,Referral,2024-11-13
604,"Brown, Cooper and Martin",SaaS,LinkedIn,2025-03-18
605,"Turner, Lewis and Lee",Finance,LinkedIn,2025-02-03
606,"Downs, Mendez and Golden",Education,LinkedIn,2024-11-21
607,Brown-Gardner,SaaS,Referral,2025-02-26
608,Davis and Sons,Retail,LinkedIn,2025-02-16
609,"Walker, Smith and Simpson",SaaS,LinkedIn,2025-03-23
610,Rogers-Waters,Healthcare,Referral,2025-04-23
611,Montes-Whitaker,Retail,Cold Email,2025-04-07
612,Mills PLC,Education,Google Ads,2025-02-01
613,Lee-Howard,Retail,Webinar,2025-04-05
614,Elliott LLC,Healthcare,LinkedIn,2024-11-08
615,Campos-Bautista,Retail,LinkedIn,2024-11-29
616,"Clarke, Berry and Barajas",SaaS,LinkedIn,2025-03-20
617,Miller PLC,Finance,Google Ads,2024-12-06
618,"Mendez, Davis and Brown",Healthcare,LinkedIn,2025-04-02
619,Jones PLC,Finance,LinkedIn,2025-04-22
620,Suarez-Banks,Education,LinkedIn,2025-03-14
621,Mercer-Phillips,Education,Cold Email,2024-11-03
622,Wheeler Group,Retail,Cold Email,2024-12-23
623,Hickman Ltd,SaaS,Webinar,2024-11-29
624,Martin PLC,SaaS,Referral,2025-04-15
625,Moreno Inc,Education,Referral,2025-04-06
626,Martin-Lloyd,Retail,Cold Email,2025-03-02
627,Brown and Sons,SaaS,Referral,2024-12-30
628,Salas-Allen,Retail,Referral,2025-04-20
629,Robinson Group,Finance,Google Ads,2024-12-30
630,"Woods, Chavez and Atkinson",Education,Webinar,2025-04-19
631,Armstrong and Sons,Healthcare,Cold Email,2024-12-29
632,Morris and Sons,Retail,Cold Email,2024-12-18
633,Moore PLC,SaaS,LinkedIn,2024-12-27
634,"Hansen, Short and Wong",SaaS,Webinar,2024-11-25
635,Figueroa LLC,SaaS,Cold Email,2024-12-25
636,Williams-Baldwin,SaaS,LinkedIn,2024-12-18
637,Murphy Inc,SaaS,Google Ads,2025-02-09
638,"Schmidt, Hanson and Harper",Education,Referral,2024-12-16
639,Hall-Bailey,Education,Google Ads,2025-02-25
640,Bradley Inc,Healthcare,Webinar,2025-03-27
641,Buckley Inc,Healthcare,Referral,2025-02-03
642,Mayer-Smith,Finance,Cold Email,2024-11-04
643,Combs and Sons,Healthcare,Cold Email,2025-01-25
644,"Elliott, Sullivan and Lara",SaaS,LinkedIn,2025-01-23
645,"Jackson, Ali and Barnett",Finance,Google Ads,2025-04-02
646,"Richmond, Miller and Roman",Retail,LinkedIn,2025-02-28
647,Simpson Inc,Education,Cold Email,2024-11-01
648,Campbell and Sons,Retail,Google Ads,2025-03-27
649,Wilson-Kelley,Retail,Referral,2025-01-06
650,"Rodriguez, Mosley and Davis",Healthcare,Google Ads,2024-11-04
651,"Parks, Torres and Willis",Education,Referral,2025-04-05
652,Gilbert-Rios,SaaS,Google Ads,2024-12-31
653,"Jones, Owens and Garner",Healthcare,LinkedIn,2025-04-12
654,"Scott, Wilson and Jones",Finance,Google Ads,2025-04-16
655,Casey-Ortiz,Finance,Cold Email,2025-02-25
656,Morrison-Richmond,Finance,Google Ads,2024-11-07
657,Hart-Serrano,Education,Webinar,2025-03-27
658,"Meyers, Mckinney and Jackson",Education,Webinar,2024-12-12
659,"Glover, Mathews and Torres",Retail,Webinar,2025-03-02
660,Chapman-Barnes,Education,Google Ads,2024-11-08
661,Jones Inc,Education,Cold Email,2024-12-14
662,Shaffer-Horne,SaaS,Webinar,2025-02-10
663,Doyle-Hayes,Finance,LinkedIn,2025-01-21
664,"Ayers, Long and Clark",SaaS,LinkedIn,2025-04-21
665,Reynolds-Steele,Healthcare,Cold Email,2024-11-16
666,Meyer Inc,Education,Referral,2024-12-04
667,Young Ltd,Retail,LinkedIn,2024-11-17
668,Underwood Inc,Education,Cold Email,2025-03-14
669,Vargas-Jackson,Healthcare,Google Ads,2025-03-13
670,Frazier Ltd,Finance,Cold Email,2025-03-02
671,Miller-Walker,SaaS,Google Ads,2025-03-25
672,Martin-Richard,Education,Webinar,2024-12-02
673,"Reynolds, Marquez and Byrd",Retail,Google Ads,2025-04-19
674,"Fuller, Robertson and Bell",Education,Webinar,2025-02-13
675,Harris-Pittman,SaaS,Referral,2024-12-27
676,Owens-Ford,SaaS,Webinar,2025-03-07
677,Mcmillan-Lawson,Retail,Referral,2025-04-07
678,Moore Group,Finance,Google Ads,2024-12-07
679,Robertson-Meyer,Healthcare,Cold Email,2024-11-23
680,Evans Group,Finance,Google Ads,2024-12-04
681,Shelton-Zimmerman,Education,Cold Email,2025-02-27
682,Barnes-Wyatt,Education,Cold Email,2025-02-03
683,Thompson and Sons,Healthcare,Google Ads,2025-03-06
684,"Eaton, Owens and Curtis",Retail,LinkedIn,2024-10-28
685,"Morgan, Long and Garcia",Education,Google Ads,2025-02-12
686,Jackson Inc,Healthcare,LinkedIn,2024-12-28
687,Fox Inc,Education,LinkedIn,2025-03-19
688,"Carey, Caldwell and Simmons",Healthcare,Referral,2025-03-18
689,"Hayes, Simpson and Harrison",Retail,LinkedIn,2025-04-17
690,"Walters, Silva and Delacruz",Education,Google Ads,2024-11-06
691,Jones-Keith,Education,Webinar,2025-02-23
692,Collier-Esparza,SaaS,LinkedIn,2024-12-25
693,"Ortega, Gillespie and Patel",Healthcare,Cold Email,2025-04-18
694,Brown Ltd,Finance,Webinar,2024-12-02
695,"Williams, Henry and Watson",Finance,LinkedIn,2025-01-28
696,Thomas-Franco,SaaS,Webinar,2024-11-05
697,Owen Group,Retail,LinkedIn,2025-01-31
698,Sanchez-Sanders,Healthcare,Webinar,2024-12-12
699,"Hamilton, Reynolds and Peterson",Finance,Cold Email,2025-02-27
700,Hall and Sons,SaaS,Cold Email,2025-01-03
701,"Fischer, Robinson and Green",Retail,Webinar,2025-04-23
702,Howard-Guerra,Retail,Cold Email,2025-02-15
703,"Conrad, Davis and Ramirez",Healthcare,Cold Email,2025-04-10
704,"Gonzales, Wright and Hudson",SaaS,Webinar,2025-04-08
705,Hansen Inc,Retail,Referral,2025-02-26
706,Ross-Mclaughlin,Education,Referral,2024-11-06
707,"Stanley, Beasley and Jones",Healthcare,LinkedIn,2024-12-16
708,Chavez-Scott,SaaS,Webinar,2024-11-23
709,"Fleming, Morales and Richmond",Finance,Cold Email,2025-02-03
710,"Griffin, Wang and Love",Finance,Cold Email,2024-12-06
711,Beard Group,Retail,Cold Email,2025-01-24
712,"Jenkins, Sandoval and Kaufman",Education,Google Ads,2024-11-16
713,Jones and Sons,Healthcare,LinkedIn,2025-01-27
714,"Pitts, Anderson and Garcia",Healthcare,LinkedIn,2024-11-12
715,"Meyer, Chavez and Davis",SaaS,LinkedIn,2025-01-29
716,Bray-Arias,Retail,Referral,2024-11-13
717,Taylor-Fitzpatrick,Retail,LinkedIn,2025-01-21
718,Jackson PLC,Finance,Referral,2024-11-10
719,Morrison-Thompson,Healthcare,Referral,2025-04-20
720,Robinson-Carey,Finance,Referral,2024-10-30
721,Anderson-Edwards,SaaS,Referral,2025-02-12
722,Stevens Group,SaaS,Webinar,2025-01-05
723,George-Reed,SaaS,Google Ads,2024-12-09
724,Johnson and Sons,Retail,Google Ads,2024-11-13
725,Stanley-Brown,Finance,Google Ads,2024-12-09
726,Sullivan-Vega,Healthcare,Webinar,2025-02-04
727,"Cardenas, Li and Hernandez",Healthcare,Cold Email,2025-04-04
728,Allen LLC,Healthcare,Google Ads,2025-04-18
729,"Torres, Zimmerman and Whitney",Healthcare,LinkedIn,2024-10-31
730,Hodges-Skinner,Retail,Cold Email,2025-01-12
731,Golden-Tate,Finance,Referral,2024-11-24
732,Hamilton Inc,Healthcare,LinkedIn,2024-12-04
733,Schwartz-Johnson,Finance,LinkedIn,2024-12-23
734,"Jones, Miller and Brown",Retail,Google Ads,2025-02-11
735,Payne PLC,Education,Referral,2024-11-26
736,Ortega-Ellis,Finance,Referral,2024-11-27
737,"Ramos, Henderson and Shields",Finance,Google Ads,2025-03-31
738,"Parrish, Hernandez and Steele",Education,Cold Email,2024-11-24
739,Sexton-Mccarthy,Finance,Google Ads,2025-02-11
740,Jones Ltd,Healthcare,Webinar,2025-03-24
741,Gutierrez-Pineda,SaaS,Referral,2025-02-14
742,Martinez Inc,Education,Referral,2025-03-15
743,Taylor and Sons,Education,Webinar,2025-02-24
744,"Davis, Williams and Perez",Healthcare,Google Ads,2024-12-28
745,"Rodgers, Ford and George",SaaS,LinkedIn,2025-01-13
746,"York, Jones and Collier",SaaS,Referral,2025-02-28
747,Bates-Edwards,Education,Referral,2025-03-27
748,"Figueroa, Price and Travis",Finance,Cold Email,2024-11-25
749,Cox-House,Finance,Referral,2025-02-01
750,"Cruz, Serrano and Jones",Retail,LinkedIn,2025-01-05
751,Hubbard-Allen,Retail,Webinar,2025-04-03
752,"Mason, Smith and Burns",Healthcare,LinkedIn,2024-11-25
753,"Barker, Powell and Johnson",SaaS,LinkedIn,2025-04-05
754,Jordan Inc,Healthcare,Webinar,2024-11-16
755,Powers-May,Healthcare,LinkedIn,2024-11-04
756,"Serrano, Dennis and Barnett",SaaS,Google Ads,2024-12-06
757,"Edwards, George and Harper",Finance,Cold Email,2025-03-31
758,"Freeman, Walker and Orr",Retail,Webinar,2025-01-16
759,"Harris, Cox and Parsons",Retail,Cold Email,2024-10-30
760,Price Inc,Education,Google Ads,2024-12-01
761,Dominguez LLC,Retail,Cold Email,2025-02-11
762,Page-Jones,Education,Referral,2025-03-13
763,Douglas and Sons,SaaS,LinkedIn,2025-02-21
764,"Wright, Ford and Mckinney",Retail,LinkedIn,2024-10-27
765,Perry LLC,Healthcare,Referral,2025-02-26
766,"Moore, Garcia and Burke",SaaS,Webinar,2025-01-29
767,Wilkerson Ltd,Finance,Webinar,2024-11-18
768,"Mcgee, Peterson and Martin",Retail,Webinar,2025-04-07
769,"Moore, Payne and Jordan",Healthcare,Referral,2025-01-08
770,Cardenas-Rangel,Finance,Google Ads,2024-11-12
771,Chambers-Kelly,Education,Referral,2025-01-27
772,Burgess Ltd,SaaS,Referral,2025-03-24
773,Mitchell-Rodriguez,SaaS,Referral,2024-11-03
774,Thomas and Sons,Retail,LinkedIn,2025-03-28
775,Mccall-Benson,Education,Cold Email,2024-11-17
776,"Mack, Nelson and Smith",Finance,Cold Email,2025-04-01
777,"Buchanan, Rivas and Reese",Education,LinkedIn,2025-02-13
778,Osborne LLC,Education,LinkedIn,2025-01-25
779,"Davenport, Hernandez and Stone",Education,LinkedIn,2024-11-22
780,"Meyers, Phillips and Stevens",Retail,Referral,2024-11-17
781,"Avila, Webster and Chapman",Education,Webinar,2024-11-14
782,Baker-Davis,Retail,Webinar,2024-10-29
783,Myers-Burke,Retail,Webinar,2025-03-07
784,"Lawrence, Prince and Shaffer",Healthcare,LinkedIn,2025-04-13
785,Jennings PLC,SaaS,Webinar,2025-02-23
786,Carroll LLC,Finance,LinkedIn,2024-11-30
787,"Roth, Dunn and Wagner",Healthcare,Webinar,2025-04-04
788,Moore-Bernard,Education,Google Ads,2024-12-23
789,Rhodes-Richardson,Finance,Webinar,2025-04-24
790,Vargas-Powell,Finance,Google Ads,2025-04-24
791,"White, Martin and Pierce",Healthcare,Google Ads,2025-01-27
792,"Stephens, Robles and Lucas",Healthcare,Google Ads,2025-03-20
793,"Stokes, Sloan and Smith",SaaS,Webinar,2025-02-18
794,Key Inc,Healthcare,Cold Email,2025-02-06
795,Jones-Brooks,SaaS,LinkedIn,2025-01-10
796,Downs and Sons,SaaS,Webinar,2025-03-13
797,Ingram-Porter,Retail,LinkedIn,2024-11-23
798,"Daniels, Campbell and Mcneil",Finance,Cold Email,2024-11-25
799,Patterson-Esparza,SaaS,Referral,2024-11-22
800,Rivera-Martin,SaaS,Webinar,2025-02-06
801,"Galloway, Wilcox and Chase",Retail,Referral,2025-04-13
802,Bond Group,Finance,Webinar,2024-11-29
803,Lewis PLC,Education,Referral,2025-02-01
804,Pierce PLC,SaaS,Webinar,2025-01-17
805,Perry-Taylor,Finance,Referral,2024-10-27
806,Higgins Inc,SaaS,Cold Email,2025-02-07
807,White LLC,Finance,Cold Email,2025-04-24
808,"Barnes, Griffin and Holmes",Finance,Referral,2025-02-26
809,Flores-Chavez,Retail,Referral,2024-11-20
810,Smith-Richardson,SaaS,Cold Email,2025-02-27
811,Lewis-Wyatt,Retail,Google Ads,2025-03-25
812,"Jennings, Gonzalez and Sanchez",Finance,Referral,2025-03-28
813,Robinson and Sons,Education,Google Ads,2025-04-14
814,"Santos, Cordova and Yang",Healthcare,Referral,2025-03-25
815,"Underwood, Walker and Perez",Education,Google Ads,2024-12-12
816,Chen-Jones,Healthcare,Cold Email,2024-11-21
817,"Russell, Ruiz and Gallagher",Healthcare,Referral,2024-11-08
818,Jones-Wilson,Retail,Webinar,2025-04-11
819,Steele PLC,SaaS,Webinar,2024-12-25
820,Williams-Carroll,Finance,Webinar,2025-01-14
821,Duncan-Diaz,Education,Google Ads,2024-10-27
822,Chambers-Harris,Finance,Webinar,2024-12-12
823,Haynes and Sons,Education,Webinar,2024-10-31
824,Woods-Hall,Retail,Referral,2025-01-09
825,Frey-Navarro,Education,Webinar,2025-03-29
826,"Taylor, Grant and Hernandez",Healthcare,Google Ads,2024-10-31
827,Berg PLC,Finance,Webinar,2024-11-13
828,"Pierce, Mays and Lynch",Finance,Google Ads,2024-11-29
829,Gross Ltd,SaaS,Referral,2024-11-04
830,Brown Inc,Healthcare,Cold Email,2024-11-13
831,Howard-Navarro,Finance,Referral,2025-01-07
832,Fox LLC,Healthcare,Webinar,2025-04-23
833,Nichols LLC,Retail,Cold Email,2024-11-12
834,Kennedy PLC,Retail,LinkedIn,2025-01-07
835,Potter Inc,Retail,Google Ads,2025-02-05
836,Duncan-Kramer,Healthcare,Webinar,2025-01-26
837,Buckley-Boyd,Healthcare,Referral,2025-01-03
838,"Henderson, Rosales and Young",Education,Referral,2024-11-27
839,Wright Group,Education,Webinar,2024-11-14
840,Flores Ltd,SaaS,Google Ads,2025-03-19
841,"Gilbert, Hall and Sanchez",Finance,LinkedIn,2025-03-11
842,Thompson LLC,Healthcare,Google Ads,2024-11-11
843,Clay-Spencer,Finance,Google Ads,2025-03-21
844,Yang-Bullock,Retail,Google Ads,2025-02-03
845,Gonzalez-Graham,Retail,Cold Email,2025-03-17
846,Lindsey PLC,Finance,LinkedIn,2025-01-24
847,Rollins Group,Retail,Referral,2024-12-26
848,"Wright, Thompson and Lyons",Retail,LinkedIn,2025-04-02
849,Silva-Hines,Finance,Google Ads,2025-01-25
850,Johnson-Young,SaaS,Referral,2025-03-24
851,Simon Group,Healthcare,LinkedIn,2025-01-30
852,Clark Group,Retail,Cold Email,2024-12-28
853,"Shaw, Hampton and Fitzgerald",Retail,Google Ads,2024-11-20
854,"Jones, Mccullough and Johnson",Finance,Webinar,2025-02-08
855,"Jones, Davis and Taylor",Retail,Google Ads,2025-01-18
856,Wells and Sons,Retail,Webinar,2024-12-03
857,Sanchez-Brown,SaaS,Referral,2024-11-14
858,"Anderson, Hamilton and Byrd",Finance,Webinar,2025-03-22
859,Sullivan PLC,Retail,LinkedIn,2025-02-11
860,Carpenter-Vazquez,Finance,Google Ads,2025-03-01
861,"Harrison, Ramirez and Mitchell",SaaS,LinkedIn,2025-04-14
862,Perry-Solis,Finance,Webinar,2024-11-13
863,Adams-Coleman,Education,Webinar,2025-01-17
864,Watkins PLC,SaaS,Webinar,2025-01-06
865,Garcia and Sons,Healthcare,Cold Email,2025-03-08
866,Gilbert-Clark,Education,Google Ads,2025-03-29
867,Rangel LLC,Finance,Referral,2025-03-30
868,Martin PLC,Finance,Webinar,2025-04-14
869,"Gray, Buck and Osborn",Healthcare,Webinar,2025-02-15
870,Sullivan Inc,Healthcare,Referral,2024-12-30
871,Pineda Ltd,Retail,Referral,2024-12-28
872,Jones and Sons,SaaS,LinkedIn,2025-02-06
873,Brown-Castro,Retail,Referral,2025-03-07
874,Martinez Group,Healthcare,LinkedIn,2024-11-24
875,"Terrell, Jones and Estrada",Education,LinkedIn,2025-01-04
876,Nelson-Stevenson,Healthcare,Cold Email,2025-04-10
877,Martinez and Sons,SaaS,Cold Email,2024-12-16
878,Gomez-Ford,SaaS,Cold Email,2025-01-28
879,Knapp-Garcia,SaaS,Webinar,2025-04-15
880,Duran Inc,Retail,Google Ads,2025-01-27
881,"Martin, Bauer and Hayes",Healthcare,Referral,2025-01-26
882,"Caldwell, Miranda and Harper",Finance,Referral,2025-04-11
883,Mack-Robertson,Healthcare,Cold Email,2025-02-16
884,Stark-Perkins,Education,Referral,2025-01-28
885,Brown-Davis,Retail,LinkedIn,2025-04-09
886,Meyer-Smith,Education,LinkedIn,2025-04-12
887,"Bishop, Greene and Hill",SaaS,Webinar,2025-01-19
888,"Christian, Frey and Anderson",Education,Webinar,2025-02-08
889,Mills-Romero,SaaS,Referral,2024-11-27
890,Ortega-Knight,Retail,Google Ads,2025-03-10
891,Hart Group,Finance,Referral,2025-01-04
892,Peterson-Hart,Retail,Google Ads,2025-01-17
893,"Chandler, Brown and Porter",Retail,Webinar,2024-12-19
894,"Rogers, Lynch and Anderson",Finance,LinkedIn,2025-02-13
895,Farmer-Scott,SaaS,LinkedIn,2025-02-16
896,Cooper-Hogan,SaaS,Cold Email,2025-03-18
897,Baker-Wilson,SaaS,Google Ads,2024-12-12
898,Smith Inc,Finance,Google Ads,2025-02-10
899,Conley-Stanley,Healthcare,LinkedIn,2025-04-11
900,"Best, Proctor and Knight",Education,Referral,2024-11-21
901,"Preston, Berry and Trujillo",SaaS,Google Ads,2025-02-07
902,Payne-Perkins,Education,Google Ads,2025-02-11
903,Murphy-Lewis,Finance,LinkedIn,2025-04-09
904,"Cohen, Horton and Cox",Retail,Cold Email,2024-11-13
905,Hicks LLC,Finance,Referral,2024-11-05
906,"Pena, Barry and Ramirez",SaaS,Google Ads,2024-11-11
907,Fowler Inc,SaaS,Referral,2025-02-15
908,Hill-Williams,Retail,LinkedIn,2025-01-22
909,Ortiz-Rogers,Healthcare,Google Ads,2025-03-06
910,"Sanchez, Miller and Holland",SaaS,LinkedIn,2025-03-26
911,"Jones, Cabrera and Osborne",Education,LinkedIn,2025-03-27
912,Bernard PLC,Education,Webinar,2025-04-06
913,"Larson, Thomas and Anderson",SaaS,Referral,2025-01-11
914,Rodriguez-Heath,Finance,LinkedIn,2024-11-10
915,Wagner-Macdonald,Education,LinkedIn,2025-03-23
916,Lewis-Cook,Retail,Webinar,2024-11-10
917,"Gonzalez, Gates and Jones",Education,Cold Email,2024-11-05
918,"James, Williams and Sims",Healthcare,Google Ads,2025-03-07
919,Stein-Butler,Finance,LinkedIn,2025-02-06
920,Sims and Sons,Finance,Webinar,2024-11-22
921,Rodriguez Ltd,Finance,Cold Email,2025-01-23
922,Cooper Ltd,Healthcare,Google Ads,2025-03-21
923,"Floyd, Smith and Short",Healthcare,LinkedIn,2025-03-01
924,Rogers Group,Finance,Webinar,2025-04-09
925,"Anderson, Martinez and Chen",SaaS,Google Ads,2024-10-31
926,Lara-Nguyen,Retail,Cold Email,2025-03-23
927,Hooper Group,Healthcare,LinkedIn,2025-02-13
928,Webb Group,Education,LinkedIn,2025-02-17
929,"Todd, Pace and Richards",SaaS,LinkedIn,2024-12-01
930,Arnold-Reid,Retail,Referral,2025-04-13
931,Hernandez-Lee,Healthcare,Google Ads,2024-10-29
932,Lewis-Arellano,SaaS,Referral,2024-12-13
933,Gonzales-Martin,Finance,LinkedIn,2025-02-17
934,"Reid, Hill and Quinn",Finance,Cold Email,2025-04-13
935,Waller-Green,Finance,Referral,2025-02-04
936,"Dunn, Stanton and Cohen",SaaS,Google Ads,2025-03-13
937,Larson-Lopez,SaaS,Webinar,2024-12-06
938,Bailey PLC,Education,Webinar,2025-02-08
939,Estrada-Davidson,SaaS,Google Ads,2025-01-16
940,Mills-Jordan,Retail,Referral,2025-01-25
941,"Salinas, Petersen and Butler",SaaS,LinkedIn,2024-11-15
942,"Salazar, Ward and Mckee",SaaS,Cold Email,2025-02-19
943,Gutierrez-Mcdaniel,Finance,Google Ads,2024-11-05
944,Preston Ltd,Retail,LinkedIn,2024-11-02
945,"Bender, Key and West",Education,Webinar,2025-04-09
946,"Brown, Edwards and Jordan",Education,Google Ads,2025-01-18
947,Stevens-Morales,Healthcare,Cold Email,2025-04-21
948,Scott and Sons,Retail,LinkedIn,2025-01-03
949,Washington and Sons,Retail,LinkedIn,2025-01-10
950,Evans PLC,Education,LinkedIn,2025-01-15
951,"Morgan, Wiggins and Castillo",Education,LinkedIn,2024-12-25
952,Lyons and Sons,Education,Cold Email,2024-11-06
953,Olson Ltd,Education,Google Ads,2024-11-10
954,Perez and Sons,Finance,Webinar,2025-02-20
955,"Mullins, Harris and Cooper",Finance,Cold Email,2024-11-26
956,Thompson and Sons,Healthcare,Cold Email,2024-12-05
957,Howard-Donaldson,Retail,Google Ads,2024-12-03
958,"Gallegos, Page and Chandler",Education,Referral,2025-02-27
959,"Fuller, Baker and Powers",Healthcare,Webinar,2024-12-30
960,Wilcox-Hernandez,Finance,LinkedIn,2024-10-30
961,Myers-Rogers,SaaS,LinkedIn,2025-02-19
962,"Cruz, Fletcher and Whitaker",Healthcare,Google Ads,2024-12-09
963,"Jones, Myers and Rodriguez",SaaS,Google Ads,2024-12-09
964,"Green, Richard and Jones",Education,Referral,2025-02-06
965,"Peterson, Jones and Long",Healthcare,LinkedIn,2024-10-30
966,Henderson-Edwards,SaaS,LinkedIn,2025-04-01
967,Drake PLC,SaaS,Google Ads,2024-11-14
968,Smith-Friedman,Healthcare,Cold Email,2025-04-02
969,Vincent LLC,Retail,Webinar,2025-01-03
970,Morris-Hudson,Finance,LinkedIn,2025-04-01
971,"Parrish, Whitaker and Fitzpatrick",Healthcare,Cold Email,2024-12-04
972,Arias LLC,Education,Webinar,2025-02-04
973,"Ward, Villa and Campbell",SaaS,Webinar,2025-02-16
974,Mendoza-Lee,Education,LinkedIn,2024-11-30
975,"Lam, Nelson and Sosa",Retail,Google Ads,2025-01-14
976,Mccormick-Johnson,Education,Cold Email,2025-04-07
977,Glass and Sons,Retail,Google Ads,2024-12-08
978,Thomas-Garcia,Healthcare,Webinar,2024-11-04
979,"Miller, Meyers and Stuart",Retail,Webinar,2024-11-30
980,"Bell, Mcdaniel and Stone",SaaS,Referral,2025-01-19
981,Larson-Hendrix,Education,Webinar,2024-11-27
982,"Anderson, Simon and Ray",Education,Referral,2024-12-23
983,Miller and Sons,Education,Cold Email,2025-01-02
984,"Miller, Gomez and Rhodes",Education,Cold Email,2025-01-06
985,Weber Inc,Healthcare,Cold Email,2024-11-19
986,Bowers-Morgan,Education,Referral,2025-02-14
987,"Brennan, Smith and Smith",Healthcare,Google Ads,2024-11-20
988,"Walker, Jackson and Brown",Education,LinkedIn,2025-03-07
989,Drake and Sons,Finance,Google Ads,2024-10-28
990,Parsons-Wilson,Finance,Cold Email,2024-11-26
991,"Pugh, Beck and Wilson",SaaS,Google Ads,2025-01-03
992,"Goodwin, Howard and Davis",Retail,Webinar,2025-03-12
993,Wilson-Clark,Finance,Referral,2025-02-03
994,"Smith, Harris and Hill",Retail,Referral,2025-01-28
995,Pineda-May,SaaS,Referral,2024-11-08
996,Stone-King,Education,Referral,2025-02-19
997,Ruiz Ltd,SaaS,LinkedIn,2024-11-18
998,Campbell-Dominguez,Education,Webinar,2025-03-30
999,Roberts-Mack,Finance,Referral,2025-03-16
1000,Clark Group,Education,LinkedIn,2024-12-27
